{
    "features": [1.2, 3.4],
    "location": [112.77432374935314, -7.265745947978344]
}
